<?xml version="1.0" encoding="UTF-8"?>
<project-private xmlns="http://www.netbeans.org/ns/project-private/1">
    <open-files xmlns="http://www.netbeans.org/ns/projectui-open-files/2">
        <group>
            <file>file:/C:/Users/Miriam/Documents/linkedList/src/linkedlist/DoublyLinkedListStrings.java</file>
            <file>file:/C:/Users/Miriam/Documents/linkedList/src/linkedlist/DoublyLinkedList.java</file>
            <file>file:/C:/Users/Miriam/Documents/linkedList/src/linkedlist/vehicleAttributes.java</file>
            <file>file:/C:/Users/Miriam/Documents/linkedList/src/linkedlist/driverClass.java</file>
        </group>
    </open-files>
</project-private>
